Evento,Reloj_min,RND_Llegada_Auto,Tiempo_Entre_Llegadas_Auto,Prox_Llegada_Auto,RND_Llegada_Camioneta,Tiempo_Entre_Llegadas_Camioneta,Prox_Llegada_Camioneta,Cola_Autos,Cola_Camionetas,RND_Frenos_L1,Tiempo_Frenos_L1,Estado_Frenos_L1,Vehiculo_Frenos_L1,Fin_Atencion_Frenos_L1,RND_Luces_L1,Tiempo_Luces_L1,Estado_Luces_L1,Vehiculo_Luces_L1,Fin_Atencion_Luces_L1,RND_Frenos_L2,Tiempo_Frenos_L2,Estado_Frenos_L2,Vehiculo_Frenos_L2,Fin_Atencion_Frenos_L2,RND_Luces_L2,Tiempo_Luces_L2,Estado_Luces_L2,Vehiculo_Luces_L2,Fin_Atencion_Luces_L2,Cant_Autos_Atendidos,Cant_Camionetas_Atendidas,Tiempo_Espera_Auto,Acum_Espera_Autos,Tiempo_Espera_Camioneta,Acum_Espera_Camionetas,Tiempo_Bloqueo_L1,Acum_Bloqueo_Frenos_L1,Tiempo_Bloqueo_L2,Acum_Bloqueo_Frenos_L2,Clientes_Activos
Inicialización,480.00,0.4068,13.4908,493.49,0.3607,30.5903,510.59,0,0,,,Libre,,,,,Libre,,,,,Libre,,,,,Libre,,,0,0,,0.0000,,0.0000,,0.0000,,0.0000,
Llegada Auto,493.49,0.1685,26.7133,520.20,,,510.59,0,0,0.9868,6.9605,Ocupado,1,500.45,,,Libre,,,,,Libre,,,,,Libre,,,0,0,,0.0000,,0.0000,,0.0000,,0.0000,"[Id:1, Tipo:Auto, Estado:En Frenos, Linea:1, Hora_Llegada:493.49, Hora_Inicio_Bloqueo:None]"
Fin Revisión Frenos L1,500.45,,,520.20,,,510.59,0,0,,,Libre,,,0.2859,7.1436,Ocupado,1,507.59,,,Libre,,,,,Libre,,,0,0,,0.0000,,0.0000,,0.0000,,0.0000,"[Id:1, Tipo:Auto, Estado:En Luces, Linea:1, Hora_Llegada:493.49, Hora_Inicio_Bloqueo:None]"
Fin Revisión Luces L1,507.59,,,520.20,,,510.59,0,0,,,Libre,,,,,Libre,,,,,Libre,,,,,Libre,,,1,0,0.0000,0.0000,,0.0000,,0.0000,,0.0000,
Llegada Camioneta,510.59,,,520.20,0.5482,18.0336,528.62,0,0,0.9397,6.8192,Ocupado,2,517.41,,,Libre,,,,,Libre,,,,,Libre,,,1,0,,0.0000,,0.0000,,0.0000,,0.0000,"[Id:2, Tipo:Camioneta, Estado:En Frenos, Linea:1, Hora_Llegada:510.59, Hora_Inicio_Bloqueo:None]"
Fin Revisión Frenos L1,517.41,,,520.20,,,528.62,0,0,,,Libre,,,0.2326,6.9306,Ocupado,2,524.34,,,Libre,,,,,Libre,,,1,0,,0.0000,,0.0000,,0.0000,,0.0000,"[Id:2, Tipo:Camioneta, Estado:En Luces, Linea:1, Hora_Llegada:510.59, Hora_Inicio_Bloqueo:None]"
Llegada Auto,520.20,0.4464,12.0964,532.30,,,528.62,0,0,0.7209,6.1626,Ocupado,3,526.37,,,Ocupado,2,524.34,,,Libre,,,,,Libre,,,1,0,,0.0000,,0.0000,,0.0000,,0.0000,"[Id:3, Tipo:Auto, Estado:En Frenos, Linea:1, Hora_Llegada:520.20, Hora_Inicio_Bloqueo:None]; [Id:2, Tipo:Camioneta, Estado:En Luces, Linea:1, Hora_Llegada:510.59, Hora_Inicio_Bloqueo:None]"
Fin Revisión Luces L1,524.34,,,532.30,,,528.62,0,0,,,Ocupado,3,526.37,,,Libre,,,,,Libre,,,,,Libre,,,1,1,,0.0000,0.0000,0.0000,,0.0000,,0.0000,"[Id:3, Tipo:Auto, Estado:En Frenos, Linea:1, Hora_Llegada:520.20, Hora_Inicio_Bloqueo:None]"
Fin Revisión Frenos L1,526.37,,,532.30,,,528.62,0,0,,,Libre,,,0.3156,7.2624,Ocupado,3,533.63,,,Libre,,,,,Libre,,,1,1,,0.0000,,0.0000,,0.0000,,0.0000,"[Id:3, Tipo:Auto, Estado:En Luces, Linea:1, Hora_Llegada:520.20, Hora_Inicio_Bloqueo:None]"
Llegada Camioneta,528.62,,,532.30,0.1308,61.0273,589.65,0,0,0.1221,4.3662,Ocupado,4,532.99,,,Ocupado,3,533.63,,,Libre,,,,,Libre,,,1,1,,0.0000,,0.0000,,0.0000,,0.0000,"[Id:4, Tipo:Camioneta, Estado:En Frenos, Linea:1, Hora_Llegada:528.62, Hora_Inicio_Bloqueo:None]; [Id:3, Tipo:Auto, Estado:En Luces, Linea:1, Hora_Llegada:520.20, Hora_Inicio_Bloqueo:None]"
Llegada Auto,532.30,0.4187,13.0586,545.36,,,589.65,0,0,,,Ocupado,4,532.99,,,Ocupado,3,533.63,0.5599,5.6798,Ocupado,5,537.98,,,Libre,,,1,1,,0.0000,,0.0000,,0.0000,,0.0000,"[Id:4, Tipo:Camioneta, Estado:En Frenos, Linea:1, Hora_Llegada:528.62, Hora_Inicio_Bloqueo:None]; [Id:3, Tipo:Auto, Estado:En Luces, Linea:1, Hora_Llegada:520.20, Hora_Inicio_Bloqueo:None]; [Id:5, Tipo:Auto, Estado:En Frenos, Linea:2, Hora_Llegada:532.30, Hora_Inicio_Bloqueo:None]"
Fin Revisión Frenos L1,532.99,,,545.36,,,589.65,0,0,,,Bloqueado,4,,,,Ocupado,3,533.63,,,Ocupado,5,537.98,,,Libre,,,1,1,,0.0000,,0.0000,,0.0000,,0.0000,"[Id:4, Tipo:Camioneta, Estado:Bloqueado en Frenos, Linea:1, Hora_Llegada:528.62, Hora_Inicio_Bloqueo:532.99]; [Id:3, Tipo:Auto, Estado:En Luces, Linea:1, Hora_Llegada:520.20, Hora_Inicio_Bloqueo:None]; [Id:5, Tipo:Auto, Estado:En Frenos, Linea:2, Hora_Llegada:532.30, Hora_Inicio_Bloqueo:None]"
Fin Revisión Luces L1,533.63,,,545.36,,,589.65,0,0,,,Libre,,,0.2325,6.9302,Ocupado,4,540.56,,,Ocupado,5,537.98,,,Libre,,,2,1,0.0000,0.0000,,0.0000,0.6390,0.6390,,0.0000,"[Id:4, Tipo:Camioneta, Estado:En Luces, Linea:1, Hora_Llegada:528.62, Hora_Inicio_Bloqueo:None]; [Id:5, Tipo:Auto, Estado:En Frenos, Linea:2, Hora_Llegada:532.30, Hora_Inicio_Bloqueo:None]"
Fin Revisión Frenos L2,537.98,,,545.36,,,589.65,0,0,,,Libre,,,,,Ocupado,4,540.56,,,Libre,,,0.2276,6.9103,Ocupado,5,544.89,2,1,,0.0000,,0.0000,,0.6390,,0.0000,"[Id:4, Tipo:Camioneta, Estado:En Luces, Linea:1, Hora_Llegada:528.62, Hora_Inicio_Bloqueo:None]; [Id:5, Tipo:Auto, Estado:En Luces, Linea:2, Hora_Llegada:532.30, Hora_Inicio_Bloqueo:None]"
Fin Revisión Luces L1,540.56,,,545.36,,,589.65,0,0,,,Libre,,,,,Libre,,,,,Libre,,,,,Ocupado,5,544.89,2,2,,0.0000,0.0000,0.0000,,0.6390,,0.0000,"[Id:5, Tipo:Auto, Estado:En Luces, Linea:2, Hora_Llegada:532.30, Hora_Inicio_Bloqueo:None]"
Fin Revisión Luces L2,544.89,,,545.36,,,589.65,0,0,,,Libre,,,,,Libre,,,,,Libre,,,,,Libre,,,3,2,0.0000,0.0000,,0.0000,,0.6390,,0.0000,
Llegada Auto,545.36,0.2174,22.8930,568.25,,,589.65,0,0,0.0434,4.1302,Ocupado,6,549.49,,,Libre,,,,,Libre,,,,,Libre,,,3,2,,0.0000,,0.0000,,0.6390,,0.0000,"[Id:6, Tipo:Auto, Estado:En Frenos, Linea:1, Hora_Llegada:545.36, Hora_Inicio_Bloqueo:None]"
Fin Revisión Frenos L1,549.49,,,568.25,,,589.65,0,0,,,Libre,,,0.1314,6.5256,Ocupado,6,556.02,,,Libre,,,,,Libre,,,3,2,,0.0000,,0.0000,,0.6390,,0.0000,"[Id:6, Tipo:Auto, Estado:En Luces, Linea:1, Hora_Llegada:545.36, Hora_Inicio_Bloqueo:None]"
Fin Revisión Luces L1,556.02,,,568.25,,,589.65,0,0,,,Libre,,,,,Libre,,,,,Libre,,,,,Libre,,,4,2,0.0000,0.0000,,0.0000,,0.6390,,0.0000,
Llegada Auto,568.25,0.7946,3.4489,571.70,,,589.65,0,0,0.5415,5.6245,Ocupado,7,573.88,,,Libre,,,,,Libre,,,,,Libre,,,4,2,,0.0000,,0.0000,,0.6390,,0.0000,"[Id:7, Tipo:Auto, Estado:En Frenos, Linea:1, Hora_Llegada:568.25, Hora_Inicio_Bloqueo:None]"
Llegada Auto,571.70,0.0736,39.1421,610.84,,,589.65,0,0,,,Ocupado,7,573.88,,,Libre,,,0.8810,6.6429,Ocupado,8,578.34,,,Libre,,,4,2,,0.0000,,0.0000,,0.6390,,0.0000,"[Id:7, Tipo:Auto, Estado:En Frenos, Linea:1, Hora_Llegada:568.25, Hora_Inicio_Bloqueo:None]; [Id:8, Tipo:Auto, Estado:En Frenos, Linea:2, Hora_Llegada:571.70, Hora_Inicio_Bloqueo:None]"
Fin Revisión Frenos L1,573.88,,,610.84,,,589.65,0,0,,,Libre,,,0.5424,8.1695,Ocupado,7,582.05,,,Ocupado,8,578.34,,,Libre,,,4,2,,0.0000,,0.0000,,0.6390,,0.0000,"[Id:7, Tipo:Auto, Estado:En Luces, Linea:1, Hora_Llegada:568.25, Hora_Inicio_Bloqueo:None]; [Id:8, Tipo:Auto, Estado:En Frenos, Linea:2, Hora_Llegada:571.70, Hora_Inicio_Bloqueo:None]"
Fin Revisión Frenos L2,578.34,,,610.84,,,589.65,0,0,,,Libre,,,,,Ocupado,7,582.05,,,Libre,,,0.6088,8.4351,Ocupado,8,586.78,4,2,,0.0000,,0.0000,,0.6390,,0.0000,"[Id:7, Tipo:Auto, Estado:En Luces, Linea:1, Hora_Llegada:568.25, Hora_Inicio_Bloqueo:None]; [Id:8, Tipo:Auto, Estado:En Luces, Linea:2, Hora_Llegada:571.70, Hora_Inicio_Bloqueo:None]"
Fin Revisión Luces L1,582.05,,,610.84,,,589.65,0,0,,,Libre,,,,,Libre,,,,,Libre,,,,,Ocupado,8,586.78,5,2,0.0000,0.0000,,0.0000,,0.6390,,0.0000,"[Id:8, Tipo:Auto, Estado:En Luces, Linea:2, Hora_Llegada:571.70, Hora_Inicio_Bloqueo:None]"
Fin Revisión Luces L2,586.78,,,610.84,,,589.65,0,0,,,Libre,,,,,Libre,,,,,Libre,,,,,Libre,,,6,2,0.0000,0.0000,,0.0000,,0.6390,,0.0000,
Llegada Camioneta,589.65,,,610.84,0.4818,21.9094,611.56,0,0,0.0798,4.2394,Ocupado,9,593.89,,,Libre,,,,,Libre,,,,,Libre,,,6,2,,0.0000,,0.0000,,0.6390,,0.0000,"[Id:9, Tipo:Camioneta, Estado:En Frenos, Linea:1, Hora_Llegada:589.65, Hora_Inicio_Bloqueo:None]"
Fin Revisión Frenos L1,593.89,,,610.84,,,611.56,0,0,,,Libre,,,0.8336,9.3342,Ocupado,9,603.22,,,Libre,,,,,Libre,,,6,2,,0.0000,,0.0000,,0.6390,,0.0000,"[Id:9, Tipo:Camioneta, Estado:En Luces, Linea:1, Hora_Llegada:589.65, Hora_Inicio_Bloqueo:None]"
Fin Revisión Luces L1,603.22,,,610.84,,,611.56,0,0,,,Libre,,,,,Libre,,,,,Libre,,,,,Libre,,,6,3,,0.0000,0.0000,0.0000,,0.6390,,0.0000,
Llegada Auto,610.84,0.0474,45.7514,656.59,,,611.56,0,0,0.5404,5.6211,Ocupado,10,616.46,,,Libre,,,,,Libre,,,,,Libre,,,6,3,,0.0000,,0.0000,,0.6390,,0.0000,"[Id:10, Tipo:Auto, Estado:En Frenos, Linea:1, Hora_Llegada:610.84, Hora_Inicio_Bloqueo:None]"
Llegada Camioneta,611.56,,,656.59,0.8282,5.6544,617.21,0,0,,,Ocupado,10,616.46,,,Libre,,,0.2679,4.8037,Ocupado,11,616.36,,,Libre,,,6,3,,0.0000,,0.0000,,0.6390,,0.0000,"[Id:10, Tipo:Auto, Estado:En Frenos, Linea:1, Hora_Llegada:610.84, Hora_Inicio_Bloqueo:None]; [Id:11, Tipo:Camioneta, Estado:En Frenos, Linea:2, Hora_Llegada:611.56, Hora_Inicio_Bloqueo:None]"
Fin Revisión Frenos L2,616.36,,,656.59,,,617.21,0,0,,,Ocupado,10,616.46,,,Libre,,,,,Libre,,,0.8908,9.5631,Ocupado,11,625.93,6,3,,0.0000,,0.0000,,0.6390,,0.0000,"[Id:10, Tipo:Auto, Estado:En Frenos, Linea:1, Hora_Llegada:610.84, Hora_Inicio_Bloqueo:None]; [Id:11, Tipo:Camioneta, Estado:En Luces, Linea:2, Hora_Llegada:611.56, Hora_Inicio_Bloqueo:None]"
Fin Revisión Frenos L1,616.46,,,656.59,,,617.21,0,0,,,Libre,,,0.8131,9.2525,Ocupado,10,625.72,,,Libre,,,,,Ocupado,11,625.93,6,3,,0.0000,,0.0000,,0.6390,,0.0000,"[Id:10, Tipo:Auto, Estado:En Luces, Linea:1, Hora_Llegada:610.84, Hora_Inicio_Bloqueo:None]; [Id:11, Tipo:Camioneta, Estado:En Luces, Linea:2, Hora_Llegada:611.56, Hora_Inicio_Bloqueo:None]"
Llegada Camioneta,617.21,,,656.59,0.7496,8.6445,625.86,0,0,0.4865,5.4596,Ocupado,12,622.67,,,Ocupado,10,625.72,,,Libre,,,,,Ocupado,11,625.93,6,3,,0.0000,,0.0000,,0.6390,,0.0000,"[Id:12, Tipo:Camioneta, Estado:En Frenos, Linea:1, Hora_Llegada:617.21, Hora_Inicio_Bloqueo:None]; [Id:10, Tipo:Auto, Estado:En Luces, Linea:1, Hora_Llegada:610.84, Hora_Inicio_Bloqueo:None]; [Id:11, Tipo:Camioneta, Estado:En Luces, Linea:2, Hora_Llegada:611.56, Hora_Inicio_Bloqueo:None]"
Fin Revisión Frenos L1,622.67,,,656.59,,,625.86,0,0,,,Bloqueado,12,,,,Ocupado,10,625.72,,,Libre,,,,,Ocupado,11,625.93,6,3,,0.0000,,0.0000,,0.6390,,0.0000,"[Id:12, Tipo:Camioneta, Estado:Bloqueado en Frenos, Linea:1, Hora_Llegada:617.21, Hora_Inicio_Bloqueo:622.67]; [Id:10, Tipo:Auto, Estado:En Luces, Linea:1, Hora_Llegada:610.84, Hora_Inicio_Bloqueo:None]; [Id:11, Tipo:Camioneta, Estado:En Luces, Linea:2, Hora_Llegada:611.56, Hora_Inicio_Bloqueo:None]"
Fin Revisión Luces L1,625.72,,,656.59,,,625.86,0,0,,,Libre,,,0.8252,9.3007,Ocupado,12,635.02,,,Libre,,,,,Ocupado,11,625.93,7,3,0.0000,0.0000,,0.0000,3.0423,3.6813,,0.0000,"[Id:12, Tipo:Camioneta, Estado:En Luces, Linea:1, Hora_Llegada:617.21, Hora_Inicio_Bloqueo:None]; [Id:11, Tipo:Camioneta, Estado:En Luces, Linea:2, Hora_Llegada:611.56, Hora_Inicio_Bloqueo:None]"
Llegada Camioneta,625.86,,,656.59,0.0369,98.9523,724.81,0,0,0.9265,6.7794,Ocupado,13,632.64,,,Ocupado,12,635.02,,,Libre,,,,,Ocupado,11,625.93,7,3,,0.0000,,0.0000,,3.6813,,0.0000,"[Id:13, Tipo:Camioneta, Estado:En Frenos, Linea:1, Hora_Llegada:625.86, Hora_Inicio_Bloqueo:None]; [Id:12, Tipo:Camioneta, Estado:En Luces, Linea:1, Hora_Llegada:617.21, Hora_Inicio_Bloqueo:None]; [Id:11, Tipo:Camioneta, Estado:En Luces, Linea:2, Hora_Llegada:611.56, Hora_Inicio_Bloqueo:None]"
Fin Revisión Luces L2,625.93,,,656.59,,,724.81,0,0,,,Ocupado,13,632.64,,,Ocupado,12,635.02,,,Libre,,,,,Libre,,,7,4,,0.0000,0.0000,0.0000,,3.6813,,0.0000,"[Id:13, Tipo:Camioneta, Estado:En Frenos, Linea:1, Hora_Llegada:625.86, Hora_Inicio_Bloqueo:None]; [Id:12, Tipo:Camioneta, Estado:En Luces, Linea:1, Hora_Llegada:617.21, Hora_Inicio_Bloqueo:None]"
Fin Revisión Frenos L1,632.64,,,656.59,,,724.81,0,0,,,Bloqueado,13,,,,Ocupado,12,635.02,,,Libre,,,,,Libre,,,7,4,,0.0000,,0.0000,,3.6813,,0.0000,"[Id:13, Tipo:Camioneta, Estado:Bloqueado en Frenos, Linea:1, Hora_Llegada:625.86, Hora_Inicio_Bloqueo:632.64]; [Id:12, Tipo:Camioneta, Estado:En Luces, Linea:1, Hora_Llegada:617.21, Hora_Inicio_Bloqueo:None]"
Fin Revisión Luces L1,635.02,,,656.59,,,724.81,0,0,,,Libre,,,0.8273,9.3092,Ocupado,13,644.33,,,Libre,,,,,Libre,,,7,5,,0.0000,0.0000,0.0000,2.3787,6.0600,,0.0000,"[Id:13, Tipo:Camioneta, Estado:En Luces, Linea:1, Hora_Llegada:625.86, Hora_Inicio_Bloqueo:None]"
Fin Revisión Luces L1,644.33,,,656.59,,,724.81,0,0,,,Libre,,,,,Libre,,,,,Libre,,,,,Libre,,,7,6,,0.0000,0.0000,0.0000,,6.0600,,0.0000,
Llegada Auto,656.59,0.4436,12.1913,668.79,,,724.81,0,0,0.4918,5.4753,Ocupado,14,662.07,,,Libre,,,,,Libre,,,,,Libre,,,7,6,,0.0000,,0.0000,,6.0600,,0.0000,"[Id:14, Tipo:Auto, Estado:En Frenos, Linea:1, Hora_Llegada:656.59, Hora_Inicio_Bloqueo:None]"
Fin Revisión Frenos L1,662.07,,,668.79,,,724.81,0,0,,,Libre,,,0.9563,9.8251,Ocupado,14,671.89,,,Libre,,,,,Libre,,,7,6,,0.0000,,0.0000,,6.0600,,0.0000,"[Id:14, Tipo:Auto, Estado:En Luces, Linea:1, Hora_Llegada:656.59, Hora_Inicio_Bloqueo:None]"
Llegada Auto,668.79,0.0112,67.3812,736.17,,,724.81,0,0,0.0706,4.2117,Ocupado,15,673.00,,,Ocupado,14,671.89,,,Libre,,,,,Libre,,,7,6,,0.0000,,0.0000,,6.0600,,0.0000,"[Id:15, Tipo:Auto, Estado:En Frenos, Linea:1, Hora_Llegada:668.79, Hora_Inicio_Bloqueo:None]; [Id:14, Tipo:Auto, Estado:En Luces, Linea:1, Hora_Llegada:656.59, Hora_Inicio_Bloqueo:None]"
Fin Revisión Luces L1,671.89,,,736.17,,,724.81,0,0,,,Ocupado,15,673.00,,,Libre,,,,,Libre,,,,,Libre,,,8,6,0.0000,0.0000,,0.0000,,6.0600,,0.0000,"[Id:15, Tipo:Auto, Estado:En Frenos, Linea:1, Hora_Llegada:668.79, Hora_Inicio_Bloqueo:None]"
Fin Revisión Frenos L1,673.00,,,736.17,,,724.81,0,0,,,Libre,,,0.7198,8.8790,Ocupado,15,681.88,,,Libre,,,,,Libre,,,8,6,,0.0000,,0.0000,,6.0600,,0.0000,"[Id:15, Tipo:Auto, Estado:En Luces, Linea:1, Hora_Llegada:668.79, Hora_Inicio_Bloqueo:None]"
Fin Revisión Luces L1,681.88,,,736.17,,,724.81,0,0,,,Libre,,,,,Libre,,,,,Libre,,,,,Libre,,,9,6,0.0000,0.0000,,0.0000,,6.0600,,0.0000,
Llegada Camioneta,724.81,,,736.17,0.1962,48.8628,773.67,0,0,0.7440,6.2320,Ocupado,16,731.04,,,Libre,,,,,Libre,,,,,Libre,,,9,6,,0.0000,,0.0000,,6.0600,,0.0000,"[Id:16, Tipo:Camioneta, Estado:En Frenos, Linea:1, Hora_Llegada:724.81, Hora_Inicio_Bloqueo:None]"
Fin Revisión Frenos L1,731.04,,,736.17,,,773.67,0,0,,,Libre,,,0.0497,6.1987,Ocupado,16,737.24,,,Libre,,,,,Libre,,,9,6,,0.0000,,0.0000,,6.0600,,0.0000,"[Id:16, Tipo:Camioneta, Estado:En Luces, Linea:1, Hora_Llegada:724.81, Hora_Inicio_Bloqueo:None]"
Llegada Auto,736.17,0.5812,8.1400,744.31,,,773.67,0,0,0.6108,5.8324,Ocupado,17,742.00,,,Ocupado,16,737.24,,,Libre,,,,,Libre,,,9,6,,0.0000,,0.0000,,6.0600,,0.0000,"[Id:17, Tipo:Auto, Estado:En Frenos, Linea:1, Hora_Llegada:736.17, Hora_Inicio_Bloqueo:None]; [Id:16, Tipo:Camioneta, Estado:En Luces, Linea:1, Hora_Llegada:724.81, Hora_Inicio_Bloqueo:None]"
Fin Revisión Luces L1,737.24,,,744.31,,,773.67,0,0,,,Ocupado,17,742.00,,,Libre,,,,,Libre,,,,,Libre,,,9,7,,0.0000,0.0000,0.0000,,6.0600,,0.0000,"[Id:17, Tipo:Auto, Estado:En Frenos, Linea:1, Hora_Llegada:736.17, Hora_Inicio_Bloqueo:None]"
Fin Revisión Frenos L1,742.00,,,744.31,,,773.67,0,0,,,Libre,,,0.2092,6.8368,Ocupado,17,748.84,,,Libre,,,,,Libre,,,9,7,,0.0000,,0.0000,,6.0600,,0.0000,"[Id:17, Tipo:Auto, Estado:En Luces, Linea:1, Hora_Llegada:736.17, Hora_Inicio_Bloqueo:None]"
Llegada Auto,744.31,0.7378,4.5610,748.87,,,773.67,0,0,0.8581,6.5742,Ocupado,18,750.88,,,Ocupado,17,748.84,,,Libre,,,,,Libre,,,9,7,,0.0000,,0.0000,,6.0600,,0.0000,"[Id:18, Tipo:Auto, Estado:En Frenos, Linea:1, Hora_Llegada:744.31, Hora_Inicio_Bloqueo:None]; [Id:17, Tipo:Auto, Estado:En Luces, Linea:1, Hora_Llegada:736.17, Hora_Inicio_Bloqueo:None]"
Fin Revisión Luces L1,748.84,,,748.87,,,773.67,0,0,,,Ocupado,18,750.88,,,Libre,,,,,Libre,,,,,Libre,,,10,7,0.0000,0.0000,,0.0000,,6.0600,,0.0000,"[Id:18, Tipo:Auto, Estado:En Frenos, Linea:1, Hora_Llegada:744.31, Hora_Inicio_Bloqueo:None]"
Llegada Auto,748.87,0.8937,1.6863,750.55,,,773.67,0,0,,,Ocupado,18,750.88,,,Libre,,,0.8247,6.4740,Ocupado,19,755.34,,,Libre,,,10,7,,0.0000,,0.0000,,6.0600,,0.0000,"[Id:18, Tipo:Auto, Estado:En Frenos, Linea:1, Hora_Llegada:744.31, Hora_Inicio_Bloqueo:None]; [Id:19, Tipo:Auto, Estado:En Frenos, Linea:2, Hora_Llegada:748.87, Hora_Inicio_Bloqueo:None]"
Llegada Auto,750.55,0.7527,4.2604,754.81,,,773.67,1,0,,,Ocupado,18,750.88,,,Libre,,,,,Ocupado,19,755.34,,,Libre,,,10,7,,0.0000,,0.0000,,6.0600,,0.0000,"[Id:20, Tipo:Auto, Estado:Esperando, Linea:None, Hora_Llegada:750.55, Hora_Inicio_Bloqueo:None]; [Id:18, Tipo:Auto, Estado:En Frenos, Linea:1, Hora_Llegada:744.31, Hora_Inicio_Bloqueo:None]; [Id:19, Tipo:Auto, Estado:En Frenos, Linea:2, Hora_Llegada:748.87, Hora_Inicio_Bloqueo:None]"
Fin Revisión Frenos L1,750.88,,,754.81,,,773.67,0,0,0.3692,5.1076,Ocupado,20,755.99,0.8449,9.3796,Ocupado,18,760.26,,,Ocupado,19,755.34,,,Libre,,,11,7,0.3269,0.3269,,0.0000,,6.0600,,0.0000,"[Id:20, Tipo:Auto, Estado:En Frenos, Linea:1, Hora_Llegada:750.55, Hora_Inicio_Bloqueo:None]; [Id:18, Tipo:Auto, Estado:En Luces, Linea:1, Hora_Llegada:744.31, Hora_Inicio_Bloqueo:None]; [Id:19, Tipo:Auto, Estado:En Frenos, Linea:2, Hora_Llegada:748.87, Hora_Inicio_Bloqueo:None]"
Llegada Auto,754.81,0.2802,19.0832,773.90,,,773.67,1,0,,,Ocupado,20,755.99,,,Ocupado,18,760.26,,,Ocupado,19,755.34,,,Libre,,,11,7,,0.3269,,0.0000,,6.0600,,0.0000,"[Id:21, Tipo:Auto, Estado:Esperando, Linea:None, Hora_Llegada:754.81, Hora_Inicio_Bloqueo:None]; [Id:20, Tipo:Auto, Estado:En Frenos, Linea:1, Hora_Llegada:750.55, Hora_Inicio_Bloqueo:None]; [Id:18, Tipo:Auto, Estado:En Luces, Linea:1, Hora_Llegada:744.31, Hora_Inicio_Bloqueo:None]; [Id:19, Tipo:Auto, Estado:En Frenos, Linea:2, Hora_Llegada:748.87, Hora_Inicio_Bloqueo:None]"
Fin Revisión Frenos L2,755.34,,,773.90,,,773.67,0,0,,,Ocupado,20,755.99,,,Ocupado,18,760.26,0.8262,6.4787,Ocupado,21,761.82,0.2142,6.8567,Ocupado,19,762.20,12,7,0.5272,0.8541,,0.0000,,6.0600,,0.0000,"[Id:20, Tipo:Auto, Estado:En Frenos, Linea:1, Hora_Llegada:750.55, Hora_Inicio_Bloqueo:None]; [Id:18, Tipo:Auto, Estado:En Luces, Linea:1, Hora_Llegada:744.31, Hora_Inicio_Bloqueo:None]; [Id:21, Tipo:Auto, Estado:En Frenos, Linea:2, Hora_Llegada:754.81, Hora_Inicio_Bloqueo:None]; [Id:19, Tipo:Auto, Estado:En Luces, Linea:2, Hora_Llegada:748.87, Hora_Inicio_Bloqueo:None]"
Fin Revisión Frenos L1,755.99,,,773.90,,,773.67,0,0,,,Bloqueado,20,,,,Ocupado,18,760.26,,,Ocupado,21,761.82,,,Ocupado,19,762.20,12,7,,0.8541,,0.0000,,6.0600,,0.0000,"[Id:20, Tipo:Auto, Estado:Bloqueado en Frenos, Linea:1, Hora_Llegada:750.55, Hora_Inicio_Bloqueo:755.99]; [Id:18, Tipo:Auto, Estado:En Luces, Linea:1, Hora_Llegada:744.31, Hora_Inicio_Bloqueo:None]; [Id:21, Tipo:Auto, Estado:En Frenos, Linea:2, Hora_Llegada:754.81, Hora_Inicio_Bloqueo:None]; [Id:19, Tipo:Auto, Estado:En Luces, Linea:2, Hora_Llegada:748.87, Hora_Inicio_Bloqueo:None]"
Fin Revisión Luces L1,760.26,,,773.90,,,773.67,0,0,,,Libre,,,0.8496,9.3984,Ocupado,20,769.66,,,Ocupado,21,761.82,,,Ocupado,19,762.20,13,7,0.0000,0.8541,,0.0000,4.2720,10.3320,,0.0000,"[Id:20, Tipo:Auto, Estado:En Luces, Linea:1, Hora_Llegada:750.55, Hora_Inicio_Bloqueo:None]; [Id:21, Tipo:Auto, Estado:En Frenos, Linea:2, Hora_Llegada:754.81, Hora_Inicio_Bloqueo:None]; [Id:19, Tipo:Auto, Estado:En Luces, Linea:2, Hora_Llegada:748.87, Hora_Inicio_Bloqueo:None]"
Fin Revisión Frenos L2,761.82,,,773.90,,,773.67,0,0,,,Libre,,,,,Ocupado,20,769.66,,,Bloqueado,21,,,,Ocupado,19,762.20,13,7,,0.8541,,0.0000,,10.3320,,0.0000,"[Id:20, Tipo:Auto, Estado:En Luces, Linea:1, Hora_Llegada:750.55, Hora_Inicio_Bloqueo:None]; [Id:21, Tipo:Auto, Estado:Bloqueado en Frenos, Linea:2, Hora_Llegada:754.81, Hora_Inicio_Bloqueo:761.82]; [Id:19, Tipo:Auto, Estado:En Luces, Linea:2, Hora_Llegada:748.87, Hora_Inicio_Bloqueo:None]"
Fin Revisión Luces L2,762.20,,,773.90,,,773.67,0,0,,,Libre,,,,,Ocupado,20,769.66,,,Libre,,,0.9685,9.8740,Ocupado,21,772.07,14,7,0.0000,0.8541,,0.0000,,10.3320,0.3780,0.3780,"[Id:20, Tipo:Auto, Estado:En Luces, Linea:1, Hora_Llegada:750.55, Hora_Inicio_Bloqueo:None]; [Id:21, Tipo:Auto, Estado:En Luces, Linea:2, Hora_Llegada:754.81, Hora_Inicio_Bloqueo:None]"
Fin Revisión Luces L1,769.66,,,773.90,,,773.67,0,0,,,Libre,,,,,Libre,,,,,Libre,,,,,Ocupado,21,772.07,14,7,,0.8541,,0.0000,,10.3320,,0.3780,"[Id:21, Tipo:Auto, Estado:En Luces, Linea:2, Hora_Llegada:754.81, Hora_Inicio_Bloqueo:None]"
Fin Revisión Luces L2,772.07,,,773.90,,,773.67,0,0,,,Libre,,,,,Libre,,,,,Libre,,,,,Libre,,,14,7,,0.8541,,0.0000,,10.3320,,0.3780,
Llegada Camioneta,773.67,,,773.90,0.7288,9.4888,783.16,0,0,0.7029,6.1088,Ocupado,22,779.78,,,Libre,,,,,Libre,,,,,Libre,,,14,7,,0.8541,,0.0000,,10.3320,,0.3780,"[Id:22, Tipo:Camioneta, Estado:En Frenos, Linea:1, Hora_Llegada:773.67, Hora_Inicio_Bloqueo:None]"
Llegada Auto,773.90,0.3251,16.8546,790.75,,,783.16,0,0,,,Ocupado,22,779.78,,,Libre,,,0.7513,6.2539,Ocupado,23,780.15,,,Libre,,,14,7,,0.8541,,0.0000,,10.3320,,0.3780,"[Id:22, Tipo:Camioneta, Estado:En Frenos, Linea:1, Hora_Llegada:773.67, Hora_Inicio_Bloqueo:None]; [Id:23, Tipo:Auto, Estado:En Frenos, Linea:2, Hora_Llegada:773.90, Hora_Inicio_Bloqueo:None]"
Fin Revisión Frenos L1,779.78,,,790.75,,,783.16,0,0,,,Libre,,,0.5522,8.2086,Ocupado,22,787.99,,,Ocupado,23,780.15,,,Libre,,,14,7,,0.8541,,0.0000,,10.3320,,0.3780,"[Id:22, Tipo:Camioneta, Estado:En Luces, Linea:1, Hora_Llegada:773.67, Hora_Inicio_Bloqueo:None]; [Id:23, Tipo:Auto, Estado:En Frenos, Linea:2, Hora_Llegada:773.90, Hora_Inicio_Bloqueo:None]"
Fin Revisión Frenos L2,780.15,,,790.75,,,783.16,0,0,,,Libre,,,,,Ocupado,22,787.99,,,Libre,,,0.6993,8.7971,Ocupado,23,788.95,14,7,,0.8541,,0.0000,,10.3320,,0.3780,"[Id:22, Tipo:Camioneta, Estado:En Luces, Linea:1, Hora_Llegada:773.67, Hora_Inicio_Bloqueo:None]; [Id:23, Tipo:Auto, Estado:En Luces, Linea:2, Hora_Llegada:773.90, Hora_Inicio_Bloqueo:None]"
Llegada Camioneta,783.16,,,790.75,0.9830,0.5156,783.68,0,0,0.8297,6.4890,Ocupado,24,789.65,,,Ocupado,22,787.99,,,Libre,,,,,Ocupado,23,788.95,14,7,,0.8541,,0.0000,,10.3320,,0.3780,"[Id:24, Tipo:Camioneta, Estado:En Frenos, Linea:1, Hora_Llegada:783.16, Hora_Inicio_Bloqueo:None]; [Id:22, Tipo:Camioneta, Estado:En Luces, Linea:1, Hora_Llegada:773.67, Hora_Inicio_Bloqueo:None]; [Id:23, Tipo:Auto, Estado:En Luces, Linea:2, Hora_Llegada:773.90, Hora_Inicio_Bloqueo:None]"
Llegada Camioneta,783.68,,,790.75,0.0723,78.7890,862.47,0,0,,,Ocupado,24,789.65,,,Ocupado,22,787.99,0.4079,5.2237,Ocupado,25,788.90,,,Ocupado,23,788.95,14,7,,0.8541,,0.0000,,10.3320,,0.3780,"[Id:24, Tipo:Camioneta, Estado:En Frenos, Linea:1, Hora_Llegada:783.16, Hora_Inicio_Bloqueo:None]; [Id:22, Tipo:Camioneta, Estado:En Luces, Linea:1, Hora_Llegada:773.67, Hora_Inicio_Bloqueo:None]; [Id:25, Tipo:Camioneta, Estado:En Frenos, Linea:2, Hora_Llegada:783.68, Hora_Inicio_Bloqueo:None]; [Id:23, Tipo:Auto, Estado:En Luces, Linea:2, Hora_Llegada:773.90, Hora_Inicio_Bloqueo:None]"
Fin Revisión Luces L1,787.99,,,790.75,,,862.47,0,0,,,Ocupado,24,789.65,,,Libre,,,,,Ocupado,25,788.90,,,Ocupado,23,788.95,14,8,,0.8541,0.0000,0.0000,,10.3320,,0.3780,"[Id:24, Tipo:Camioneta, Estado:En Frenos, Linea:1, Hora_Llegada:783.16, Hora_Inicio_Bloqueo:None]; [Id:25, Tipo:Camioneta, Estado:En Frenos, Linea:2, Hora_Llegada:783.68, Hora_Inicio_Bloqueo:None]; [Id:23, Tipo:Auto, Estado:En Luces, Linea:2, Hora_Llegada:773.90, Hora_Inicio_Bloqueo:None]"
Fin Revisión Frenos L2,788.90,,,790.75,,,862.47,0,0,,,Ocupado,24,789.65,,,Libre,,,,,Bloqueado,25,,,,Ocupado,23,788.95,14,8,,0.8541,,0.0000,,10.3320,,0.3780,"[Id:24, Tipo:Camioneta, Estado:En Frenos, Linea:1, Hora_Llegada:783.16, Hora_Inicio_Bloqueo:None]; [Id:25, Tipo:Camioneta, Estado:Bloqueado en Frenos, Linea:2, Hora_Llegada:783.68, Hora_Inicio_Bloqueo:788.90]; [Id:23, Tipo:Auto, Estado:En Luces, Linea:2, Hora_Llegada:773.90, Hora_Inicio_Bloqueo:None]"
Fin Revisión Luces L2,788.95,,,790.75,,,862.47,0,0,,,Ocupado,24,789.65,,,Libre,,,,,Libre,,,0.2908,7.1634,Ocupado,25,796.11,15,8,0.0000,0.8541,,0.0000,,10.3320,0.0462,0.4242,"[Id:24, Tipo:Camioneta, Estado:En Frenos, Linea:1, Hora_Llegada:783.16, Hora_Inicio_Bloqueo:None]; [Id:25, Tipo:Camioneta, Estado:En Luces, Linea:2, Hora_Llegada:783.68, Hora_Inicio_Bloqueo:None]"
Fin Revisión Frenos L1,789.65,,,790.75,,,862.47,0,0,,,Libre,,,0.3170,7.2681,Ocupado,24,796.92,,,Libre,,,,,Ocupado,25,796.11,15,8,,0.8541,,0.0000,,10.3320,,0.4242,"[Id:24, Tipo:Camioneta, Estado:En Luces, Linea:1, Hora_Llegada:783.16, Hora_Inicio_Bloqueo:None]; [Id:25, Tipo:Camioneta, Estado:En Luces, Linea:2, Hora_Llegada:783.68, Hora_Inicio_Bloqueo:None]"
Llegada Auto,790.75,0.5802,8.1662,798.92,,,862.47,0,0,0.5846,5.7539,Ocupado,26,796.51,,,Ocupado,24,796.92,,,Libre,,,,,Ocupado,25,796.11,15,8,,0.8541,,0.0000,,10.3320,,0.4242,"[Id:26, Tipo:Auto, Estado:En Frenos, Linea:1, Hora_Llegada:790.75, Hora_Inicio_Bloqueo:None]; [Id:24, Tipo:Camioneta, Estado:En Luces, Linea:1, Hora_Llegada:783.16, Hora_Inicio_Bloqueo:None]; [Id:25, Tipo:Camioneta, Estado:En Luces, Linea:2, Hora_Llegada:783.68, Hora_Inicio_Bloqueo:None]"
Fin Revisión Luces L2,796.11,,,798.92,,,862.47,0,0,,,Ocupado,26,796.51,,,Ocupado,24,796.92,,,Libre,,,,,Libre,,,15,9,,0.8541,0.0000,0.0000,,10.3320,,0.4242,"[Id:26, Tipo:Auto, Estado:En Frenos, Linea:1, Hora_Llegada:790.75, Hora_Inicio_Bloqueo:None]; [Id:24, Tipo:Camioneta, Estado:En Luces, Linea:1, Hora_Llegada:783.16, Hora_Inicio_Bloqueo:None]"
Fin Revisión Frenos L1,796.51,,,798.92,,,862.47,0,0,,,Bloqueado,26,,,,Ocupado,24,796.92,,,Libre,,,,,Libre,,,15,9,,0.8541,,0.0000,,10.3320,,0.4242,"[Id:26, Tipo:Auto, Estado:Bloqueado en Frenos, Linea:1, Hora_Llegada:790.75, Hora_Inicio_Bloqueo:796.51]; [Id:24, Tipo:Camioneta, Estado:En Luces, Linea:1, Hora_Llegada:783.16, Hora_Inicio_Bloqueo:None]"
Fin Revisión Luces L1,796.92,,,798.92,,,862.47,0,0,,,Libre,,,0.9593,9.8372,Ocupado,26,806.76,,,Libre,,,,,Libre,,,15,10,,0.8541,0.0000,0.0000,0.4141,10.7461,,0.4242,"[Id:26, Tipo:Auto, Estado:En Luces, Linea:1, Hora_Llegada:790.75, Hora_Inicio_Bloqueo:None]"
Llegada Auto,798.92,0.1183,32.0129,830.93,,,862.47,0,0,0.5791,5.7374,Ocupado,27,804.66,,,Ocupado,26,806.76,,,Libre,,,,,Libre,,,15,10,,0.8541,,0.0000,,10.7461,,0.4242,"[Id:27, Tipo:Auto, Estado:En Frenos, Linea:1, Hora_Llegada:798.92, Hora_Inicio_Bloqueo:None]; [Id:26, Tipo:Auto, Estado:En Luces, Linea:1, Hora_Llegada:790.75, Hora_Inicio_Bloqueo:None]"
Fin Revisión Frenos L1,804.66,,,830.93,,,862.47,0,0,,,Bloqueado,27,,,,Ocupado,26,806.76,,,Libre,,,,,Libre,,,15,10,,0.8541,,0.0000,,10.7461,,0.4242,"[Id:27, Tipo:Auto, Estado:Bloqueado en Frenos, Linea:1, Hora_Llegada:798.92, Hora_Inicio_Bloqueo:804.66]; [Id:26, Tipo:Auto, Estado:En Luces, Linea:1, Hora_Llegada:790.75, Hora_Inicio_Bloqueo:None]"
Fin Revisión Luces L1,806.76,,,830.93,,,862.47,0,0,,,Libre,,,0.2747,7.0988,Ocupado,27,813.86,,,Libre,,,,,Libre,,,16,10,0.0000,0.8541,,0.0000,2.1016,12.8477,,0.4242,"[Id:27, Tipo:Auto, Estado:En Luces, Linea:1, Hora_Llegada:798.92, Hora_Inicio_Bloqueo:None]"
Fin Revisión Luces L1,813.86,,,830.93,,,862.47,0,0,,,Libre,,,,,Libre,,,,,Libre,,,,,Libre,,,17,10,0.0000,0.8541,,0.0000,,12.8477,,0.4242,
Llegada Auto,830.93,0.7344,4.6312,835.56,,,862.47,0,0,0.5931,5.7794,Ocupado,28,836.71,,,Libre,,,,,Libre,,,,,Libre,,,17,10,,0.8541,,0.0000,,12.8477,,0.4242,"[Id:28, Tipo:Auto, Estado:En Frenos, Linea:1, Hora_Llegada:830.93, Hora_Inicio_Bloqueo:None]"
Llegada Auto,835.56,0.3770,14.6343,850.20,,,862.47,0,0,,,Ocupado,28,836.71,,,Libre,,,0.0481,4.1442,Ocupado,29,839.71,,,Libre,,,17,10,,0.8541,,0.0000,,12.8477,,0.4242,"[Id:28, Tipo:Auto, Estado:En Frenos, Linea:1, Hora_Llegada:830.93, Hora_Inicio_Bloqueo:None]; [Id:29, Tipo:Auto, Estado:En Frenos, Linea:2, Hora_Llegada:835.56, Hora_Inicio_Bloqueo:None]"
Fin Revisión Frenos L1,836.71,,,850.20,,,862.47,0,0,,,Libre,,,0.4305,7.7220,Ocupado,28,844.43,,,Ocupado,29,839.71,,,Libre,,,17,10,,0.8541,,0.0000,,12.8477,,0.4242,"[Id:28, Tipo:Auto, Estado:En Luces, Linea:1, Hora_Llegada:830.93, Hora_Inicio_Bloqueo:None]; [Id:29, Tipo:Auto, Estado:En Frenos, Linea:2, Hora_Llegada:835.56, Hora_Inicio_Bloqueo:None]"
Fin Revisión Frenos L2,839.71,,,850.20,,,862.47,0,0,,,Libre,,,,,Ocupado,28,844.43,,,Libre,,,0.7936,9.1745,Ocupado,29,848.88,17,10,,0.8541,,0.0000,,12.8477,,0.4242,"[Id:28, Tipo:Auto, Estado:En Luces, Linea:1, Hora_Llegada:830.93, Hora_Inicio_Bloqueo:None]; [Id:29, Tipo:Auto, Estado:En Luces, Linea:2, Hora_Llegada:835.56, Hora_Inicio_Bloqueo:None]"
Fin Revisión Luces L1,844.43,,,850.20,,,862.47,0,0,,,Libre,,,,,Libre,,,,,Libre,,,,,Ocupado,29,848.88,18,10,0.0000,0.8541,,0.0000,,12.8477,,0.4242,"[Id:29, Tipo:Auto, Estado:En Luces, Linea:2, Hora_Llegada:835.56, Hora_Inicio_Bloqueo:None]"
Fin Revisión Luces L2,848.88,,,850.20,,,862.47,0,0,,,Libre,,,,,Libre,,,,,Libre,,,,,Libre,,,19,10,0.0000,0.8541,,0.0000,,12.8477,,0.4242,
Llegada Auto,850.20,0.0579,42.7261,892.92,,,862.47,0,0,0.2119,4.6357,Ocupado,30,854.83,,,Libre,,,,,Libre,,,,,Libre,,,19,10,,0.8541,,0.0000,,12.8477,,0.4242,"[Id:30, Tipo:Auto, Estado:En Frenos, Linea:1, Hora_Llegada:850.20, Hora_Inicio_Bloqueo:None]"
Fin Revisión Frenos L1,854.83,,,892.92,,,862.47,0,0,,,Libre,,,0.1793,6.7172,Ocupado,30,861.55,,,Libre,,,,,Libre,,,19,10,,0.8541,,0.0000,,12.8477,,0.4242,"[Id:30, Tipo:Auto, Estado:En Luces, Linea:1, Hora_Llegada:850.20, Hora_Inicio_Bloqueo:None]"
Fin Revisión Luces L1,861.55,,,892.92,,,862.47,0,0,,,Libre,,,,,Libre,,,,,Libre,,,,,Libre,,,20,10,0.0000,0.8541,,0.0000,,12.8477,,0.4242,
Llegada Camioneta,862.47,,,892.92,0.7093,10.3049,872.77,0,0,0.7752,6.3256,Ocupado,31,868.79,,,Libre,,,,,Libre,,,,,Libre,,,20,10,,0.8541,,0.0000,,12.8477,,0.4242,"[Id:31, Tipo:Camioneta, Estado:En Frenos, Linea:1, Hora_Llegada:862.47, Hora_Inicio_Bloqueo:None]"
Fin Revisión Frenos L1,868.79,,,892.92,,,872.77,0,0,,,Libre,,,0.6074,8.4296,Ocupado,31,877.22,,,Libre,,,,,Libre,,,20,10,,0.8541,,0.0000,,12.8477,,0.4242,"[Id:31, Tipo:Camioneta, Estado:En Luces, Linea:1, Hora_Llegada:862.47, Hora_Inicio_Bloqueo:None]"
Llegada Camioneta,872.77,,,892.92,0.3512,31.3884,904.16,0,0,0.3817,5.1452,Ocupado,32,877.92,,,Ocupado,31,877.22,,,Libre,,,,,Libre,,,20,10,,0.8541,,0.0000,,12.8477,,0.4242,"[Id:32, Tipo:Camioneta, Estado:En Frenos, Linea:1, Hora_Llegada:872.77, Hora_Inicio_Bloqueo:None]; [Id:31, Tipo:Camioneta, Estado:En Luces, Linea:1, Hora_Llegada:862.47, Hora_Inicio_Bloqueo:None]"
Fin Revisión Luces L1,877.22,,,892.92,,,904.16,0,0,,,Ocupado,32,877.92,,,Libre,,,,,Libre,,,,,Libre,,,20,11,,0.8541,0.0000,0.0000,,12.8477,,0.4242,"[Id:32, Tipo:Camioneta, Estado:En Frenos, Linea:1, Hora_Llegada:872.77, Hora_Inicio_Bloqueo:None]"
Fin Revisión Frenos L1,877.92,,,892.92,,,904.16,0,0,,,Libre,,,0.5675,8.2701,Ocupado,32,886.19,,,Libre,,,,,Libre,,,20,11,,0.8541,,0.0000,,12.8477,,0.4242,"[Id:32, Tipo:Camioneta, Estado:En Luces, Linea:1, Hora_Llegada:872.77, Hora_Inicio_Bloqueo:None]"
Fin Revisión Luces L1,886.19,,,892.92,,,904.16,0,0,,,Libre,,,,,Libre,,,,,Libre,,,,,Libre,,,20,12,,0.8541,0.0000,0.0000,,12.8477,,0.4242,
Llegada Auto,892.92,0.0046,80.7623,973.69,,,904.16,0,0,0.6973,6.0919,Ocupado,33,899.01,,,Libre,,,,,Libre,,,,,Libre,,,20,12,,0.8541,,0.0000,,12.8477,,0.4242,"[Id:33, Tipo:Auto, Estado:En Frenos, Linea:1, Hora_Llegada:892.92, Hora_Inicio_Bloqueo:None]"
Fin Revisión Frenos L1,899.01,,,973.69,,,904.16,0,0,,,Libre,,,0.4356,7.7424,Ocupado,33,906.76,,,Libre,,,,,Libre,,,20,12,,0.8541,,0.0000,,12.8477,,0.4242,"[Id:33, Tipo:Auto, Estado:En Luces, Linea:1, Hora_Llegada:892.92, Hora_Inicio_Bloqueo:None]"
Llegada Camioneta,904.16,,,973.69,0.9687,0.9530,905.11,0,0,0.6560,5.9679,Ocupado,34,910.13,,,Ocupado,33,906.76,,,Libre,,,,,Libre,,,20,12,,0.8541,,0.0000,,12.8477,,0.4242,"[Id:34, Tipo:Camioneta, Estado:En Frenos, Linea:1, Hora_Llegada:904.16, Hora_Inicio_Bloqueo:None]; [Id:33, Tipo:Auto, Estado:En Luces, Linea:1, Hora_Llegada:892.92, Hora_Inicio_Bloqueo:None]"
Llegada Camioneta,905.11,,,973.69,0.9500,1.5392,906.65,0,0,,,Ocupado,34,910.13,,,Ocupado,33,906.76,0.7336,6.2007,Ocupado,35,911.31,,,Libre,,,20,12,,0.8541,,0.0000,,12.8477,,0.4242,"[Id:34, Tipo:Camioneta, Estado:En Frenos, Linea:1, Hora_Llegada:904.16, Hora_Inicio_Bloqueo:None]; [Id:33, Tipo:Auto, Estado:En Luces, Linea:1, Hora_Llegada:892.92, Hora_Inicio_Bloqueo:None]; [Id:35, Tipo:Camioneta, Estado:En Frenos, Linea:2, Hora_Llegada:905.11, Hora_Inicio_Bloqueo:None]"
Llegada Camioneta,906.65,,,973.69,0.0533,87.9331,994.59,0,1,,,Ocupado,34,910.13,,,Ocupado,33,906.76,,,Ocupado,35,911.31,,,Libre,,,20,12,,0.8541,,0.0000,,12.8477,,0.4242,"[Id:36, Tipo:Camioneta, Estado:Esperando, Linea:None, Hora_Llegada:906.65, Hora_Inicio_Bloqueo:None]; [Id:34, Tipo:Camioneta, Estado:En Frenos, Linea:1, Hora_Llegada:904.16, Hora_Inicio_Bloqueo:None]; [Id:33, Tipo:Auto, Estado:En Luces, Linea:1, Hora_Llegada:892.92, Hora_Inicio_Bloqueo:None]; [Id:35, Tipo:Camioneta, Estado:En Frenos, Linea:2, Hora_Llegada:905.11, Hora_Inicio_Bloqueo:None]"
Fin Revisión Luces L1,906.76,,,973.69,,,994.59,0,1,,,Ocupado,34,910.13,,,Libre,,,,,Ocupado,35,911.31,,,Libre,,,21,12,0.0000,0.8541,,0.0000,,12.8477,,0.4242,"[Id:36, Tipo:Camioneta, Estado:Esperando, Linea:None, Hora_Llegada:906.65, Hora_Inicio_Bloqueo:None]; [Id:34, Tipo:Camioneta, Estado:En Frenos, Linea:1, Hora_Llegada:904.16, Hora_Inicio_Bloqueo:None]; [Id:35, Tipo:Camioneta, Estado:En Frenos, Linea:2, Hora_Llegada:905.11, Hora_Inicio_Bloqueo:None]"
Fin Revisión Frenos L1,910.13,,,973.69,,,994.59,0,0,0.8887,6.6662,Ocupado,36,916.80,0.8017,9.2067,Ocupado,34,919.34,,,Ocupado,35,911.31,,,Libre,,,21,13,,0.8541,3.4757,3.4757,,12.8477,,0.4242,"[Id:36, Tipo:Camioneta, Estado:En Frenos, Linea:1, Hora_Llegada:906.65, Hora_Inicio_Bloqueo:None]; [Id:34, Tipo:Camioneta, Estado:En Luces, Linea:1, Hora_Llegada:904.16, Hora_Inicio_Bloqueo:None]; [Id:35, Tipo:Camioneta, Estado:En Frenos, Linea:2, Hora_Llegada:905.11, Hora_Inicio_Bloqueo:None]"
Fin Revisión Frenos L2,911.31,,,973.69,,,994.59,0,0,,,Ocupado,36,916.80,,,Ocupado,34,919.34,,,Libre,,,0.0404,6.1615,Ocupado,35,917.48,21,13,,0.8541,,3.4757,,12.8477,,0.4242,"[Id:36, Tipo:Camioneta, Estado:En Frenos, Linea:1, Hora_Llegada:906.65, Hora_Inicio_Bloqueo:None]; [Id:34, Tipo:Camioneta, Estado:En Luces, Linea:1, Hora_Llegada:904.16, Hora_Inicio_Bloqueo:None]; [Id:35, Tipo:Camioneta, Estado:En Luces, Linea:2, Hora_Llegada:905.11, Hora_Inicio_Bloqueo:None]"
Fin Revisión Frenos L1,916.80,,,973.69,,,994.59,0,0,,,Bloqueado,36,,,,Ocupado,34,919.34,,,Libre,,,,,Ocupado,35,917.48,21,13,,0.8541,,3.4757,,12.8477,,0.4242,"[Id:36, Tipo:Camioneta, Estado:Bloqueado en Frenos, Linea:1, Hora_Llegada:906.65, Hora_Inicio_Bloqueo:916.80]; [Id:34, Tipo:Camioneta, Estado:En Luces, Linea:1, Hora_Llegada:904.16, Hora_Inicio_Bloqueo:None]; [Id:35, Tipo:Camioneta, Estado:En Luces, Linea:2, Hora_Llegada:905.11, Hora_Inicio_Bloqueo:None]"
Fin Revisión Luces L2,917.48,,,973.69,,,994.59,0,0,,,Bloqueado,36,,,,Ocupado,34,919.34,,,Libre,,,,,Libre,,,21,14,,0.8541,0.0000,3.4757,,12.8477,,0.4242,"[Id:36, Tipo:Camioneta, Estado:Bloqueado en Frenos, Linea:1, Hora_Llegada:906.65, Hora_Inicio_Bloqueo:916.80]; [Id:34, Tipo:Camioneta, Estado:En Luces, Linea:1, Hora_Llegada:904.16, Hora_Inicio_Bloqueo:None]"
Fin Revisión Luces L1,919.34,,,973.69,,,994.59,0,0,,,Libre,,,0.8758,9.5030,Ocupado,36,928.84,,,Libre,,,,,Libre,,,21,15,,0.8541,0.0000,3.4757,2.5405,15.3883,,0.4242,"[Id:36, Tipo:Camioneta, Estado:En Luces, Linea:1, Hora_Llegada:906.65, Hora_Inicio_Bloqueo:None]"
Fin Revisión Luces L1,928.84,,,973.69,,,994.59,0,0,,,Libre,,,,,Libre,,,,,Libre,,,,,Libre,,,21,15,,0.8541,,3.4757,,15.3883,,0.4242,
Cierre de Puertas,960.00,,,,,,,0,0,,,Libre,,,,,Libre,,,,,Libre,,,,,Libre,,,21,15,,0.8541,,3.4757,,15.3883,,0.4242,
